no,group,product,phase,replicate,title,sample,method
13,3,64,Async,A,DS_64_Async_A,HDA64A1_ATCACG.fastq,DS
14,3,64,Async,B,DS_64_Async_B,HDA64B19_GTGAAA.fastq,DS
15,3,64,Early,A,DS_64_Early_A,HDE64A4_TGACCA.fastq,DS
16,3,64,Early,B,DS_64_Early_B,HDE64B20_GTGGCC.fastq,DS
17,3,64,Late,A,DS_64_Late_A,HDL64A5_ACAGTG.fastq,DS
18,3,64,Late,B,DS_64_Late_B,HDL64B22_CGTACG.fastq,DS
19,2,CPD,Async,A,DS_CPD_Async_A,HDACA6_GCCAAT.fastq,DS
20,2,CPD,Async,B,DS_CPD_Async_B,HDACB23_GAGTGG.fastq,DS
21,2,CPD,Early,A,DS_CPD_Early_A,HDECA10_TAGCTT.fastq,DS
22,2,CPD,Early,B,DS_CPD_Early_B,HDECB25_ACTGAT.fastq,DS
23,2,CPD,Late,A,DS_CPD_Late_A,HDLCA12_CTTGTA.fastq,DS
24,2,CPD,Late,B,DS_CPD_Late_B,HDLCB27_ATTCCT.fastq,DS